id,first_name,last_name,email,gender,ip_address,date
1,Arlette,Hodgen,ahodgen0@usatoday.com,Female,251.239.49.30,19/08/2025
,Ivonne,Candelin,icandelin1@narod.ru,Female,42.146.157.97,29/10/2024
3,Nona,Pinshon,npinshon2@boston.com,Female,99.61.60.157,
4,Fionnula,,fchartman3@goodreads.com,Female,12.134.145.125,29/11/2024
5,Kingsley,Harly,kharly4@wikimedia.org,Male,237.217.207.216,11/05/2025
5,Kingsley,Harly,kharly4@wikimedia.org,Male,237.217.207.216,11/05/2025
5,Kingsley,Harly,kharly4@wikimedia.org,Male,237.217.207.216,11/05/2025
,Angeli,Cookson,acookson5@eventbrite.com,Male,196.15.164.177,24/07/2025
,Felike,Kroin,fkroin6@mail.ru,Male,58.19.57.123,02/01/2025
8,Gipsy,Lainge,glainge7@tamu.edu,Female,87.115.124.202,15/07/2025
,Brendin,Ithell,bithell8@free.fr,Male,7.145.117.42,14/03/2025
10,Ferdinande,,fpietesch9@twitter.com,Female,160.195.15.247,06/08/2025
11,Neale,Jennins,njenninsa@home.pl,Male,182.162.116.60,18/12/2024
12,Jim,Corragan,jcorraganb@ucoz.com,Male,248.206.68.173,06/12/2024
13,Latia,Dack,ldackc@nbcnews.com,Female,198.187.123.137,26/05/2025
14,Salome,Crombie,scrombied@163.com,Bigender,130.137.162.57,16/10/2024
15,Millard,Deary,mdearye@prweb.com,Male,47.180.67.121,05/10/2024
16,Tades,Reading,treadingf@trellian.com,Male,243.48.10.46,
17,Myrlene,Pauwel,mpauwelg@reverbnation.com,Female,119.178.28.248,14/11/2024
18,Ethan,,ealldridgeh@rambler.ru,Male,90.19.179.207,14/12/2024
19,Merell,Isacoff,misacoffi@deliciousdays.com,Genderqueer,181.66.163.206,19/12/2024
20,Irwinn,Duckerin,iduckerinj@amazonaws.com,Male,66.75.34.45,27/04/2025
21,Vittorio,Tierny,vtiernyk@parallels.com,Male,251.178.206.157,24/04/2025
22,Durante,Washtell,dwashtelll@instagram.com,Male,223.56.14.197,26/12/2024
23,Janna,Pomroy,jpomroym@illinois.edu,Female,236.14.229.195,05/12/2024
24,Ingunna,Patridge,ipatridgen@toplist.cz,Female,123.42.38.162,10/10/2024
25,Wenonah,Tinkham,wtinkhamo@reference.com,Female,30.46.17.97,27/11/2024
26,Maia,Whellans,mwhellansp@alibaba.com,Female,69.180.74.73,
27,Tomasine,Petrina,tpetrinaq@sogou.com,Female,104.168.207.179,27/06/2025
28,Marja,Rahl,mrahlr@smugmug.com,Female,78.87.195.33,21/04/2025
29,Kesley,Drayn,kdrayns@census.gov,Female,69.24.110.49,
30,Juliette,,jmeiert@123-reg.co.uk,Female,204.47.139.146,10/05/2025
31,Caprice,Mattacks,cmattacksu@chicagotribune.com,Female,126.131.80.81,24/08/2024
32,Vassili,Plumm,vplummv@mapy.cz,Male,30.98.194.234,26/09/2024
33,Muffin,,mcranefieldw@upenn.edu,Male,1.143.152.235,17/09/2024
34,Hilario,Blamphin,hblamphinx@telegraph.co.uk,Male,107.56.127.238,
35,Jasmin,Andrioni,jandrioniy@histats.com,Female,203.39.153.101,01/08/2025
36,Alicea,,aluscombez@ehow.com,Female,174.32.108.158,05/02/2025
,Janine,Twigger,jtwigger10@buzzfeed.com,Female,145.18.187.29,23/06/2025
38,Dorella,St. Louis,dstlouis11@myspace.com,Female,66.46.133.31,24/05/2025
39,Eben,Trasler,etrasler12@google.co.jp,Male,39.223.49.200,07/05/2025
,Zelig,Look,zlook13@artisteer.com,Male,188.248.230.55,16/08/2025
41,Claus,Kaman,ckaman14@hostgator.com,Male,122.127.133.210,26/01/2025
,Walt,Frain,wfrain15@wunderground.com,Male,128.244.50.23,03/12/2024
43,Garold,Logue,glogue16@utexas.edu,Male,32.150.230.252,22/10/2024
44,North,Bellow,nbellow17@pinterest.com,Male,154.136.112.200,03/12/2024
45,Christoph,Feldharker,cfeldharker18@answers.com,Male,,26/09/2024
46,Dave,Jewitt,djewitt19@berkeley.edu,Male,22.161.43.30,
47,Herby,Enefer,henefer1a@hp.com,Male,152.53.94.96,01/07/2025
,Sharona,,sdeason1b@xing.com,Female,142.81.134.240,
,Abbey,Merrell,amerrell1c@theglobeandmail.com,Male,18.186.233.34,01/01/2025
50,Alissa,Hardman,ahardman1d@apache.org,Bigender,55.88.23.136,01/11/2024
51,Coral,Knight,cknight1e@illinois.edu,Polygender,212.222.126.168,23/07/2025
52,Thaddeus,Hartopp,thartopp1f@yale.edu,Male,98.58.155.106,14/06/2025
53,Ashley,Demetr,ademetr1g@nifty.com,Female,161.170.214.2,17/10/2024
54,Peyton,Crocumbe,pcrocumbe1h@yellowbook.com,Male,190.41.197.177,15/09/2024
55,Marsha,McAne,mmcane1i@last.fm,Female,14.253.143.79,14/11/2024
56,Mayne,Iacovo,miacovo1j@squidoo.com,Male,52.203.181.250,
57,Dianemarie,Dickenson,ddickenson1k@answers.com,Female,,
58,Fredrick,Rawcliffe,frawcliffe1l@github.com,Male,42.188.54.67,27/12/2024
59,Domenico,Gorgler,dgorgler1m@last.fm,Male,119.219.168.57,19/11/2024
60,Lauree,Ledley,lledley1n@rambler.ru,Female,244.203.111.58,12/12/2024
61,Holt,Kneller,hkneller1o@blinklist.com,Male,170.4.18.129,06/09/2024
62,Marielle,Rakes,mrakes1p@merriam-webster.com,Bigender,191.62.22.50,26/12/2024
,Kit,Crooks,kcrooks1q@creativecommons.org,Female,170.71.141.46,24/08/2024
,Moses,Ceillier,mceillier1r@sakura.ne.jp,Male,94.199.134.17,16/04/2025
65,Kelwin,MacCartney,kmaccartney1s@a8.net,Male,22.144.96.131,23/04/2025
66,Chick,Whitby,cwhitby1t@hugedomains.com,Male,161.209.76.151,24/12/2024
67,Hans,Cline,hcline1u@ow.ly,Polygender,120.91.179.97,
68,Thorin,,temilien1v@economist.com,Male,247.109.128.117,26/07/2025
69,Engracia,Huckel,ehuckel1w@amazon.de,Female,183.50.49.53,06/11/2024
70,Andee,Hemmingway,ahemmingway1x@woothemes.com,Female,,20/07/2025
71,Winfred,Sighart,wsighart1y@noaa.gov,Male,222.93.109.15,
72,Kirk,Lambillion,klambillion1z@netlog.com,Male,225.151.64.97,05/06/2025
73,Yovonnda,Wakenshaw,ywakenshaw20@moonfruit.com,Female,125.202.248.42,26/10/2024
74,Purcell,Maha,pmaha21@sohu.com,Male,3.92.86.37,12/10/2024
75,Fidelia,Cops,fcops22@360.cn,Female,253.90.133.35,18/11/2024
76,Quintana,Mariotte,qmariotte23@independent.co.uk,Female,159.74.60.5,
,Nikoletta,Seagar,nseagar24@last.fm,Female,53.50.26.236,31/01/2025
78,Dael,Linacre,dlinacre25@tuttocitta.it,Female,100.154.178.43,27/10/2024
79,Ana,Royse,aroyse26@amazon.com,Female,67.46.135.210,20/03/2025
80,Baryram,Pavlitschek,bpavlitschek27@amazon.de,Male,5.37.97.30,08/06/2025
,Marv,Spiller,mspiller28@furl.net,Male,147.187.126.35,30/05/2025
82,Palmer,Brobyn,pbrobyn29@wsj.com,Male,96.231.141.123,21/06/2025
83,Kelwin,Gittis,kgittis2a@paypal.com,Male,154.6.131.207,
,Frazier,Strowther,fstrowther2b@issuu.com,Male,175.232.223.39,28/01/2025
85,Filbert,Jachimiak,fjachimiak2c@drupal.org,Male,168.32.110.4,09/10/2024
86,Sven,Ridley,sridley2d@samsung.com,Male,183.101.255.251,09/01/2025
87,Samuel,Gunter,sgunter2e@taobao.com,Male,188.121.80.211,22/05/2025
87,Samuel,Gunter,sgunter2e@taobao.com,Male,188.121.80.211,22/05/2025
87,Samuel,Gunter,sgunter2e@taobao.com,Male,188.121.80.211,22/05/2025
88,Rasia,Petrozzi,rpetrozzi2f@mayoclinic.com,Female,3.99.102.65,15/09/2024
89,Giffard,Wild,gwild2g@vk.com,Male,126.85.219.233,27/08/2024
90,Melloney,Kleinstern,mkleinstern2h@mail.ru,Female,118.160.18.173,
91,Hettie,Hyland,hhyland2i@histats.com,Female,174.96.93.91,17/02/2025
,Rick,McGoon,rmcgoon2j@is.gd,Male,141.23.162.134,05/07/2025
93,Catie,Speechley,cspeechley2k@meetup.com,Female,50.114.68.46,16/10/2024
94,Ibby,Larimer,ilarimer2l@umn.edu,Female,219.11.30.192,09/06/2025
95,Bambi,Francisco,bfrancisco2m@time.com,Female,130.105.30.100,15/07/2025
96,Janeen,Cottis,jcottis2n@sourceforge.net,Female,146.197.142.189,
97,Marje,Keynd,mkeynd2o@rambler.ru,Genderqueer,2.197.143.7,14/10/2024
98,Verne,Pirrey,vpirrey2p@printfriendly.com,Male,101.90.94.39,03/09/2024
99,Hilliary,Leafe,hleafe2q@theglobeandmail.com,Female,63.39.71.101,15/06/2025
100,Ynes,Vertey,yvertey2r@yolasite.com,Female,,12/07/2025
100,Ynes,Vertey,yvertey2r@yolasite.com,Female,,12/07/2025
100,Ynes,Vertey,yvertey2r@yolasite.com,Female,,12/07/2025
100,Ynes,Vertey,yvertey2r@yolasite.com,Female,,12/07/2025
